gene,sp_shift,sp_clade_size,sp_rate_ratio,sp_clade,rb_maxpost,rb_clade_size,rb_clade,jaccard
Lyz2,0,0,1.0,,0.14354258296681327,3,1;L6.CGTCCATTCAAGGCTT;L6.TTAGGACCAAGCGAGT,0.0
Meg3,1,16,1.0894743936490758,L6.ACCGTAAGTAATAGCA-1;L6.ACGGGTCTCTTGCCGT-1;L6.ACTGAGTAGGGTCGAT-1;L6.AGCCTAAAGGTTACCT-1;L6.CATCGGGGTAACGCGA-1;L6.CGAGAAGAGATCCGAG-1;L6.CGAGAAGGTCTAGTCA-1;L6.CGTCACTCAATAGCAA-1;L6.GAACCTAGTCTTCTCG-1;L6.GCTCCTATCACTCCTG-1;L6.TAGCCGGAGCGTCAAG-1;L6.TCAGCTCTCAGCTTAG-1;L6.TCTTTCCGTAGGAGTC-1;L6.TGGCCAGGTGCTCTTC-1;L6.TTGCGTCTCCTTGCCA-1;L6.TTTGGTTGTCGAGATG-1,0.8652538984406237,17,1;L6.ACCGTAAGTAATAGCA;L6.ACGGGTCTCTTGCCGT;L6.ACTGAGTAGGGTCGAT;L6.AGCCTAAAGGTTACCT;L6.CATCGGGGTAACGCGA;L6.CGAGAAGAGATCCGAG;L6.CGAGAAGGTCTAGTCA;L6.CGTCACTCAATAGCAA;L6.GAACCTAGTCTTCTCG;L6.GCTCCTATCACTCCTG;L6.TAGCCGGAGCGTCAAG;L6.TCAGCTCTCAGCTTAG;L6.TCTTTCCGTAGGAGTC;L6.TGGCCAGGTGCTCTTC;L6.TTGCGTCTCCTTGCCA;L6.TTTGGTTGTCGAGATG,0.0
Chia1,0,0,1.0,,0.059576169532187126,5,1;L6.ACGGGTCTCTTGCCGT;L6.AGCCTAAAGGTTACCT;L6.CGAGAAGAGATCCGAG;L6.TAGCCGGAGCGTCAAG,0.0
Dmkn,0,0,1.0,,0.13634546181527388,54,1;L6.AAACGGGCAAGGACAC;L6.AACCGCGAGTGTGGCA;L6.AACTCAGAGATGCCTT;L6.ACACTGAGTTGCGCAC;L6.ACCGTAAGTAATAGCA;L6.ACGAGCCAGATCCGAG;L6.ACGAGCCCACCCATTC;L6.ACGCAGCAGCACCGTC;L6.ACGGGTCTCTTGCCGT;L6.ACGTCAACATGGGACA;L6.ACTGAGTAGGGTCGAT;L6.ACTGATGCATTGCGGC;L6.AGATTGCAGTTTAGGA;L6.AGCCTAAAGGTTACCT;L6.AGGCCACGTACAGTTC;L6.ATAAGAGTCTGGGCCA;L6.ATGCGATAGACTACAA;L6.CACAAACCATTCCTCG;L6.CACACAATCCAGGGCT;L6.CATCGGGGTAACGCGA;L6.CCAGCGATCGTGGACC;L6.CCTTCCCCATAGACTC;L6.CGAATGTAGGAGTTGC;L6.CGAGAAGAGATCCGAG;L6.CGAGAAGGTCTAGTCA;L6.CGCCAAGGTCTGCCAG;L6.CGTCACTCAATAGCAA;L6.CGTGTAACAGTATCTG;L6.CGTTGGGTCTCGTTTA;L6.CTCACACGTACTTAGC;L6.CTCGAGGCATACGCTA;L6.CTGCGGACATGATCCA;L6.CTTAGGACACCCATGG;L6.CTTGGCTCACCAGGTC;L6.GAACCTAGTCTTCTCG;L6.GACGTTACAGGCAGTA;L6.GATCGCGAGGCTAGAC;L6.GCAGCCACAGTCTTCC;L6.GCTCCTATCACTCCTG;L6.GTCTCGTTCATAACCG;L6.GTTCATTCAGCCACCA;L6.TACTCGCGTTAAAGTG;L6.TAGCCGGAGCGTCAAG;L6.TAGGCATGTCAGATAA;L6.TAGTGGTTCTATGTGG;L6.TATCAGGCATCGGACC;L6.TCAGCTCTCAGCTTAG;L6.TCCCGATCAGCATGAG;L6.TCTTTCCGTAGGAGTC;L6.TGGCCAGGTGCTCTTC;L6.TTCCCAGAGCTAACTC;L6.TTGCGTCTCCTTGCCA;L6.TTTGGTTGTCGAGATG,0.0
Ager,0,0,1.0,,0.05357856857257097,9,1;L6.ACACTGAGTTGCGCAC;L6.ATGCGATAGACTACAA;L6.CACACAATCCAGGGCT;L6.CCAGCGATCGTGGACC;L6.CGTGTAACAGTATCTG;L6.TAGGCATGTCAGATAA;L6.TAGTGGTTCTATGTGG;L6.TATCAGGCATCGGACC,0.0
S100a6,0,0,1.0,,0.21671331467413035,6,1;L6.AAACGGGCAAGGACAC;L6.CGCCAAGGTCTGCCAG;L6.CTCGAGGCATACGCTA;L6.GTCTCGTTCATAACCG;L6.GTTCATTCAGCCACCA,0.0
S100g,0,0,1.0,,0.242702918832467,2,1;L6.ATAAGAGTCTGGGCCA,0.0
Scd1,0,0,1.0,,0.08956417433026789,4,1;L6.CGCCAAGGTCTGCCAG;L6.GTCTCGTTCATAACCG;L6.GTTCATTCAGCCACCA,0.0
Lcn2,0,0,1.0,,0.3954418232706917,63,1;L6.AAACGGGCAAGGACAC;L6.AAATGCCTCTGGGCCA;L6.AACCGCGAGTGTGGCA;L6.AACTCAGAGATGCCTT;L6.AACTCAGGTCGCATCG;L6.ACACTGAGTTGCGCAC;L6.ACCGTAAGTAATAGCA;L6.ACGAGCCAGATCCGAG;L6.ACGAGCCCACCCATTC;L6.ACGCAGCAGCACCGTC;L6.ACGGGCTGTTGACGTT;L6.ACGGGTCTCTTGCCGT;L6.ACGTCAACATGGGACA;L6.ACTGAGTAGGGTCGAT;L6.ACTGATGCATTGCGGC;L6.AGATTGCAGTTTAGGA;L6.AGCCTAAAGGTTACCT;L6.AGGCCACGTACAGTTC;L6.ATAAGAGTCTGGGCCA;L6.ATGCGATAGACTACAA;L6.CAAGGCCTCTTAGAGC;L6.CACAAACCATTCCTCG;L6.CACACAATCCAGGGCT;L6.CATCGGGGTAACGCGA;L6.CCAGCGATCGTGGACC;L6.CCTTCCCCATAGACTC;L6.CGAATGTAGGAGTTGC;L6.CGAGAAGAGATCCGAG;L6.CGAGAAGGTCTAGTCA;L6.CGCCAAGGTCTGCCAG;L6.CGCTGGACAGGTGGAT;L6.CGTCACTCAATAGCAA;L6.CGTGTAACAGTATCTG;L6.CGTTGGGTCTCGTTTA;L6.CTCACACGTACTTAGC;L6.CTCGAGGCATACGCTA;L6.CTGCGGACATGATCCA;L6.CTTAGGACACCCATGG;L6.CTTGGCTCACCAGGTC;L6.GAACCTAGTCTTCTCG;L6.GACGTTACAGGCAGTA;L6.GACTGCGAGTACCGGA;L6.GATCGCGAGGCTAGAC;L6.GATTCAGTCATGTCTT;L6.GCAGCCACAGTCTTCC;L6.GCTCCTATCACTCCTG;L6.GTCTCGTTCATAACCG;L6.GTTCATTCAGCCACCA;L6.TACTCGCGTTAAAGTG;L6.TAGCCGGAGCGTCAAG;L6.TAGGCATGTCAGATAA;L6.TAGTGGTTCTATGTGG;L6.TATCAGGCATCGGACC;L6.TCAGCTCTCAGCTTAG;L6.TCCCGATCAGCATGAG;L6.TCGCGAGTCAACCATG;L6.TCTTTCCGTAGGAGTC;L6.TGAAAGATCCGCTGTT;L6.TGGCCAGGTGCTCTTC;L6.TTCCCAGAGCTAACTC;L6.TTGCGTCTCCTTGCCA;L6.TTTGGTTGTCGAGATG,0.0
Cxcl15,1,53,0.15169951857613076,L6.AAACGGGCAAGGACAC-1;L6.AACCGCGAGTGTGGCA-1;L6.AACTCAGAGATGCCTT-1;L6.ACACTGAGTTGCGCAC-1;L6.ACCGTAAGTAATAGCA-1;L6.ACGAGCCAGATCCGAG-1;L6.ACGAGCCCACCCATTC-1;L6.ACGCAGCAGCACCGTC-1;L6.ACGGGTCTCTTGCCGT-1;L6.ACGTCAACATGGGACA-1;L6.ACTGAGTAGGGTCGAT-1;L6.ACTGATGCATTGCGGC-1;L6.AGATTGCAGTTTAGGA-1;L6.AGCCTAAAGGTTACCT-1;L6.AGGCCACGTACAGTTC-1;L6.ATAAGAGTCTGGGCCA-1;L6.ATGCGATAGACTACAA-1;L6.CACAAACCATTCCTCG-1;L6.CACACAATCCAGGGCT-1;L6.CATCGGGGTAACGCGA-1;L6.CCAGCGATCGTGGACC-1;L6.CCTTCCCCATAGACTC-1;L6.CGAATGTAGGAGTTGC-1;L6.CGAGAAGAGATCCGAG-1;L6.CGAGAAGGTCTAGTCA-1;L6.CGCCAAGGTCTGCCAG-1;L6.CGTCACTCAATAGCAA-1;L6.CGTGTAACAGTATCTG-1;L6.CGTTGGGTCTCGTTTA-1;L6.CTCACACGTACTTAGC-1;L6.CTCGAGGCATACGCTA-1;L6.CTGCGGACATGATCCA-1;L6.CTTAGGACACCCATGG-1;L6.CTTGGCTCACCAGGTC-1;L6.GAACCTAGTCTTCTCG-1;L6.GACGTTACAGGCAGTA-1;L6.GATCGCGAGGCTAGAC-1;L6.GCAGCCACAGTCTTCC-1;L6.GCTCCTATCACTCCTG-1;L6.GTCTCGTTCATAACCG-1;L6.GTTCATTCAGCCACCA-1;L6.TACTCGCGTTAAAGTG-1;L6.TAGCCGGAGCGTCAAG-1;L6.TAGGCATGTCAGATAA-1;L6.TAGTGGTTCTATGTGG-1;L6.TATCAGGCATCGGACC-1;L6.TCAGCTCTCAGCTTAG-1;L6.TCCCGATCAGCATGAG-1;L6.TCTTTCCGTAGGAGTC-1;L6.TGGCCAGGTGCTCTTC-1;L6.TTCCCAGAGCTAACTC-1;L6.TTGCGTCTCCTTGCCA-1;L6.TTTGGTTGTCGAGATG-1,0.8800479808076769,3,1;L6.CGTCCATTCAAGGCTT;L6.TTAGGACCAAGCGAGT,0.0
Chil1,0,0,1.0,,0.429828068772491,2,1;L6.CATCGGGGTAACGCGA,0.0
Sftpc,1,5,0.008379919742589049,L6.ACGAGCCAGATCCGAG-1;L6.AGATTGCAGTTTAGGA-1;L6.CTGCGGACATGATCCA-1;L6.GCAGCCACAGTCTTCC-1;L6.TCCCGATCAGCATGAG-1,1.0,3,1;L6.CGTCCATTCAAGGCTT;L6.TTAGGACCAAGCGAGT,0.0
Lrg1,0,0,1.0,,0.02958816473410636,2,1;L6.CTGCGGACATGATCCA,0.0
Cldn18,0,0,1.0,,0.6017592962814874,2,1;L6.GATTCAGTCATGTCTT,0.0
Sftpa1,1,8,0.0681773165611578,L6.ACGGGTCTCTTGCCGT-1;L6.ACTGAGTAGGGTCGAT-1;L6.AGCCTAAAGGTTACCT-1;L6.CGAGAAGAGATCCGAG-1;L6.GAACCTAGTCTTCTCG-1;L6.TAGCCGGAGCGTCAAG-1;L6.TGGCCAGGTGCTCTTC-1;L6.TTTGGTTGTCGAGATG-1,0.9496201519392243,3,1;L6.CGTCCATTCAAGGCTT;L6.TTAGGACCAAGCGAGT,0.0
Bex2,0,0,1.0,,0.0743702518992403,2,1;L6.TATCAGGCATCGGACC,0.0
Elovl1,0,0,1.0,,0.09876049580167932,3,1;L6.CGTCCATTCAAGGCTT;L6.TTAGGACCAAGCGAGT,0.0
Areg,0,0,1.0,,0.08876449420231908,4,1;L6.ACGCAGCAGCACCGTC;L6.CGAATGTAGGAGTTGC;L6.CGTTGGGTCTCGTTTA,0.0
Nupr1,1,53,0.21127731443446815,L6.AAACGGGCAAGGACAC-1;L6.AACCGCGAGTGTGGCA-1;L6.AACTCAGAGATGCCTT-1;L6.ACACTGAGTTGCGCAC-1;L6.ACCGTAAGTAATAGCA-1;L6.ACGAGCCAGATCCGAG-1;L6.ACGAGCCCACCCATTC-1;L6.ACGCAGCAGCACCGTC-1;L6.ACGGGTCTCTTGCCGT-1;L6.ACGTCAACATGGGACA-1;L6.ACTGAGTAGGGTCGAT-1;L6.ACTGATGCATTGCGGC-1;L6.AGATTGCAGTTTAGGA-1;L6.AGCCTAAAGGTTACCT-1;L6.AGGCCACGTACAGTTC-1;L6.ATAAGAGTCTGGGCCA-1;L6.ATGCGATAGACTACAA-1;L6.CACAAACCATTCCTCG-1;L6.CACACAATCCAGGGCT-1;L6.CATCGGGGTAACGCGA-1;L6.CCAGCGATCGTGGACC-1;L6.CCTTCCCCATAGACTC-1;L6.CGAATGTAGGAGTTGC-1;L6.CGAGAAGAGATCCGAG-1;L6.CGAGAAGGTCTAGTCA-1;L6.CGCCAAGGTCTGCCAG-1;L6.CGTCACTCAATAGCAA-1;L6.CGTGTAACAGTATCTG-1;L6.CGTTGGGTCTCGTTTA-1;L6.CTCACACGTACTTAGC-1;L6.CTCGAGGCATACGCTA-1;L6.CTGCGGACATGATCCA-1;L6.CTTAGGACACCCATGG-1;L6.CTTGGCTCACCAGGTC-1;L6.GAACCTAGTCTTCTCG-1;L6.GACGTTACAGGCAGTA-1;L6.GATCGCGAGGCTAGAC-1;L6.GCAGCCACAGTCTTCC-1;L6.GCTCCTATCACTCCTG-1;L6.GTCTCGTTCATAACCG-1;L6.GTTCATTCAGCCACCA-1;L6.TACTCGCGTTAAAGTG-1;L6.TAGCCGGAGCGTCAAG-1;L6.TAGGCATGTCAGATAA-1;L6.TAGTGGTTCTATGTGG-1;L6.TATCAGGCATCGGACC-1;L6.TCAGCTCTCAGCTTAG-1;L6.TCCCGATCAGCATGAG-1;L6.TCTTTCCGTAGGAGTC-1;L6.TGGCCAGGTGCTCTTC-1;L6.TTCCCAGAGCTAACTC-1;L6.TTGCGTCTCCTTGCCA-1;L6.TTTGGTTGTCGAGATG-1,0.3154738104758097,54,1;L6.AAACGGGCAAGGACAC;L6.AACCGCGAGTGTGGCA;L6.AACTCAGAGATGCCTT;L6.ACACTGAGTTGCGCAC;L6.ACCGTAAGTAATAGCA;L6.ACGAGCCAGATCCGAG;L6.ACGAGCCCACCCATTC;L6.ACGCAGCAGCACCGTC;L6.ACGGGTCTCTTGCCGT;L6.ACGTCAACATGGGACA;L6.ACTGAGTAGGGTCGAT;L6.ACTGATGCATTGCGGC;L6.AGATTGCAGTTTAGGA;L6.AGCCTAAAGGTTACCT;L6.AGGCCACGTACAGTTC;L6.ATAAGAGTCTGGGCCA;L6.ATGCGATAGACTACAA;L6.CACAAACCATTCCTCG;L6.CACACAATCCAGGGCT;L6.CATCGGGGTAACGCGA;L6.CCAGCGATCGTGGACC;L6.CCTTCCCCATAGACTC;L6.CGAATGTAGGAGTTGC;L6.CGAGAAGAGATCCGAG;L6.CGAGAAGGTCTAGTCA;L6.CGCCAAGGTCTGCCAG;L6.CGTCACTCAATAGCAA;L6.CGTGTAACAGTATCTG;L6.CGTTGGGTCTCGTTTA;L6.CTCACACGTACTTAGC;L6.CTCGAGGCATACGCTA;L6.CTGCGGACATGATCCA;L6.CTTAGGACACCCATGG;L6.CTTGGCTCACCAGGTC;L6.GAACCTAGTCTTCTCG;L6.GACGTTACAGGCAGTA;L6.GATCGCGAGGCTAGAC;L6.GCAGCCACAGTCTTCC;L6.GCTCCTATCACTCCTG;L6.GTCTCGTTCATAACCG;L6.GTTCATTCAGCCACCA;L6.TACTCGCGTTAAAGTG;L6.TAGCCGGAGCGTCAAG;L6.TAGGCATGTCAGATAA;L6.TAGTGGTTCTATGTGG;L6.TATCAGGCATCGGACC;L6.TCAGCTCTCAGCTTAG;L6.TCCCGATCAGCATGAG;L6.TCTTTCCGTAGGAGTC;L6.TGGCCAGGTGCTCTTC;L6.TTCCCAGAGCTAACTC;L6.TTGCGTCTCCTTGCCA;L6.TTTGGTTGTCGAGATG,0.0
Mt2,0,0,1.0,,0.08356657337065174,3,1;L6.GCTCCTATCACTCCTG;L6.TCAGCTCTCAGCTTAG,0.0
